enrollee_id,prediction,probability
32403,0.0,0.16506735385597668
9858,0.0,0.18890971999755432
31806,0.0,0.34205477471029666
27385,0.0,0.08049228640170586
27724,0.0,0.08674713525649277
217,0.0,0.442875160245619
21465,1.0,0.605247826181327
27302,0.0,0.47964828612444166
12994,0.0,0.3380932107198856
16287,0.0,0.49294093197314237
10856,0.0,0.3979408365218459
9272,0.0,0.11219199343026394
14249,0.0,0.118485422539345
24372,0.0,0.12644696168303352
14070,1.0,0.5134912102002813
24914,0.0,0.4436719433512438
7865,1.0,0.5475720424424202
7463,0.0,0.10157725971098604
21514,0.0,0.4881162444436897
29033,0.0,0.4469914794856414
15359,1.0,0.5644812263736257
16001,0.0,0.14077824285394794
25202,0.0,0.49708776452043557
5058,1.0,0.6008913012724029
23570,0.0,0.10906708062832504
19139,0.0,0.2617729582723812
9548,0.0,0.06548551422806943
8799,0.0,0.46550261357715406
11113,0.0,0.17245164429871956
19437,1.0,0.6294071797755266
394,0.0,0.17573363281185203
7683,0.0,0.45962220859343406
22849,0.0,0.1514712000979994
17189,1.0,0.5052526455978178
28610,0.0,0.08075591797364906
25608,0.0,0.09213546600307948
22139,0.0,0.10132311681778922
19644,0.0,0.08976889610664031
18517,0.0,0.48093526456621133
12835,0.0,0.09585008040272884
20178,0.0,0.15172136948125903
25855,0.0,0.08577110067518606
32126,0.0,0.08643047463298799
22753,0.0,0.1001206754194007
18133,1.0,0.6380122655816575
29242,1.0,0.5068271803373005
6312,0.0,0.44019499995047906
113,0.0,0.1153283329812002
14685,0.0,0.18500343061844465
20768,0.0,0.2247624921341044
25906,0.0,0.0785242622804429
20142,0.0,0.09419686028124481
25891,0.0,0.09971047459180252
4742,0.0,0.20188191589610618
2222,0.0,0.08570300335371595
16917,0.0,0.3465522445335026
10493,0.0,0.41575199672708535
10418,0.0,0.18805585475238984
9766,0.0,0.11655338355098768
1361,1.0,0.5744829919170525
19625,0.0,0.06255518684525545
20943,0.0,0.09971047459180252
9561,0.0,0.2881337981116102
4271,0.0,0.20266938318411706
2094,0.0,0.14296357954903735
16931,0.0,0.3209347556536798
27298,0.0,0.46501474791220004
26493,0.0,0.4453322000484863
30745,0.0,0.4483776162547383
21052,1.0,0.5359503508845261
20723,1.0,0.6500505812402098
13539,0.0,0.1252857955288759
3214,0.0,0.0984884854791916
16230,0.0,0.18567728966189523
25300,0.0,0.09563531382808602
24018,0.0,0.4856568235785684
21833,0.0,0.07770721235415738
30632,0.0,0.07023152269191436
4334,0.0,0.21855369088348414
22271,0.0,0.4564417432940329
28776,0.0,0.08222710862684128
27769,1.0,0.5698120659775553
25909,0.0,0.07881166836811714
31266,0.0,0.11147339505819825
7973,0.0,0.0892186204730589
30867,1.0,0.5321268824041967
22501,0.0,0.07886710614020344
2539,0.0,0.17766492696632813
26681,0.0,0.11594742339244841
16184,0.0,0.19334831130117927
3852,0.0,0.08077619272381695
1680,0.0,0.21344295090916282
3562,0.0,0.07005944177151477
8488,1.0,0.5833779506859527
8373,0.0,0.10643451756981445
2934,0.0,0.10352705026530361
12919,1.0,0.5232757730921331
4386,0.0,0.45362083453245333
22462,1.0,0.548949183504601
13988,0.0,0.10423123108124786
21230,0.0,0.17970070032144522
26180,1.0,0.5565969676267067
16658,0.0,0.0889587762649829
10324,0.0,0.10179643630746547
20453,0.0,0.14324751896407628
13485,0.0,0.07385473590961968
33080,0.0,0.10189425214812099
25492,0.0,0.4472749006344898
1319,1.0,0.5867080475287235
19146,0.0,0.162349529082647
29339,0.0,0.09742908933189934
33177,0.0,0.08554988617694184
22143,0.0,0.07855576862510005
22264,0.0,0.4981598390575417
17034,0.0,0.21846795343936987
27002,0.0,0.4898250051142909
21318,0.0,0.09415080419965535
12308,0.0,0.17172878917311885
842,1.0,0.6014595123299508
4926,0.0,0.13778014259704174
3,0.0,0.11869284036230292
19567,0.0,0.43763560593321577
12809,0.0,0.08218307358066373
22682,0.0,0.20223246167396006
1216,0.0,0.07403438881523244
4417,0.0,0.20934949059276986
24162,1.0,0.6226915030404548
16873,0.0,0.08268687726322022
21920,0.0,0.13474122190248017
24230,1.0,0.5553059625317097
5189,0.0,0.3010003800790045
24396,0.0,0.0895356494707318
770,0.0,0.09033916298356125
30913,0.0,0.07532420051841185
14566,0.0,0.15558041587687507
15634,0.0,0.08454838521167876
18163,0.0,0.2372918849074427
16673,1.0,0.6333176112553573
18805,0.0,0.19578353032737078
15367,1.0,0.6168695017416227
22556,1.0,0.5089806658360315
27439,0.0,0.3499582152469713
18426,0.0,0.47612019748855977
9789,0.0,0.1109845716540709
28172,0.0,0.06509778040042417
9184,0.0,0.12010233343946172
3587,0.0,0.13390311679911313
1167,0.0,0.10759386576167973
1663,0.0,0.4280480004233664
20948,0.0,0.25540797139074106
31594,0.0,0.07745515675499458
27117,1.0,0.5416532646531969
678,0.0,0.08465140339965042
1441,0.0,0.42128942497989413
31272,0.0,0.44973872506408796
12443,0.0,0.13786370823158356
32981,0.0,0.2157773255941864
1317,0.0,0.08692214055895003
4601,0.0,0.10137678401394462
30498,0.0,0.25047215145357676
7863,0.0,0.4040541021895174
8744,0.0,0.22537851171439993
14698,0.0,0.10818513724606761
10021,0.0,0.10130781272679697
15253,0.0,0.07632013421485989
18108,0.0,0.07078990864491638
31410,0.0,0.07947979281821457
30532,0.0,0.08124111605949286
31733,0.0,0.14809995855514851
28833,1.0,0.5170952754319299
8708,0.0,0.47044913747306943
10050,0.0,0.1127497197158301
21685,0.0,0.16065360380010674
18529,0.0,0.2450183883454301
1850,0.0,0.3034901595349796
22639,0.0,0.1796455630855142
5967,1.0,0.5587018150399711
20977,0.0,0.06795666233695315
5391,1.0,0.5921907958748505
4398,1.0,0.5006767927132516
18383,0.0,0.49591578120432134
17336,0.0,0.46521601715664523
7470,0.0,0.13931880195000848
24781,0.0,0.0700377976154854
24202,0.0,0.4359405360398666
20650,0.0,0.15026625691244502
5377,0.0,0.07682263739044728
31693,0.0,0.07982831627925507
28619,0.0,0.4679164472853713
15432,0.0,0.1093382734565162
22999,1.0,0.6045006263507742
8377,0.0,0.09275850470895625
9302,0.0,0.42759811253176927
16158,0.0,0.09420366213994388
29575,1.0,0.5197567649366939
16573,0.0,0.16510413037568789
30736,0.0,0.3010459619409806
20612,1.0,0.60003550695277
11976,0.0,0.2267784534753705
28302,0.0,0.1048655922889178
9462,0.0,0.4537622092467337
14512,1.0,0.5582658672615153
8401,0.0,0.12308976912818112
19780,0.0,0.17481794871252995
2594,0.0,0.39812436361307496
1466,0.0,0.0837514629200591
17205,0.0,0.2980737336421326
12990,0.0,0.07737961362457524
4234,0.0,0.09039799113709554
18171,0.0,0.42963309423134044
15457,0.0,0.08366688389755597
23319,1.0,0.5368534178855492
10598,0.0,0.1097753484908923
7788,0.0,0.4127075659588808
32021,0.0,0.06187351525892874
23969,0.0,0.14086123312730128
13037,0.0,0.19013860874025382
30196,0.0,0.11723935971938637
19504,1.0,0.5722689860640431
16336,1.0,0.5340619799724171
6048,0.0,0.08141833315579397
6827,1.0,0.5019269202721545
9268,0.0,0.08992669330031829
11169,1.0,0.5608514339962944
31131,0.0,0.24759972519366952
12361,1.0,0.539381594623543
15165,0.0,0.44039187355847464
27773,0.0,0.07066283974500723
15266,0.0,0.11411021508827891
26289,0.0,0.13348004806890112
32553,0.0,0.19880590716692562
33062,0.0,0.11059578982681117
8818,0.0,0.07743966102941725
15380,1.0,0.5720332452704631
30120,1.0,0.5445496059957636
24317,0.0,0.4831706227416138
412,0.0,0.09297489813298229
30607,0.0,0.21988065765499898
8513,0.0,0.3623008361071532
8596,0.0,0.10710934181373993
14539,0.0,0.09340329240402732
20456,0.0,0.45341889695318455
15221,0.0,0.16948152344960665
28968,0.0,0.1697214598671965
21648,0.0,0.07118559944359021
3210,0.0,0.0826503122026954
22118,1.0,0.5015595857259524
5605,0.0,0.19828011336904705
30930,0.0,0.07639801248493548
28718,0.0,0.36599326967741697
8141,0.0,0.4218388908917082
3486,0.0,0.07656601757620313
8805,0.0,0.0764467181680976
6602,0.0,0.16860386641199232
14916,0.0,0.11046851253357941
21636,0.0,0.09040884486812654
9047,0.0,0.46170434819549977
6694,0.0,0.0861141459711252
17793,1.0,0.5123270064535624
32857,0.0,0.06577209621363689
26325,0.0,0.42610445828517984
20907,0.0,0.3849912930241578
12617,0.0,0.12647078687544858
24295,0.0,0.09463811578237989
32409,0.0,0.49257127344740376
16713,0.0,0.07872157072788184
4863,0.0,0.4234159640124394
13274,0.0,0.41612165293749015
12462,1.0,0.6478033330942771
8524,0.0,0.07062032133983355
21728,0.0,0.10031086714609411
20577,0.0,0.3398567053808497
3407,1.0,0.6049758127733437
27184,0.0,0.2947437136293347
28845,0.0,0.10100045581125157
2851,0.0,0.1439194273710441
485,0.0,0.2933009566212382
7207,0.0,0.05995913796095205
9005,1.0,0.5226730453900195
4532,0.0,0.0771455964407218
23235,0.0,0.08029706486744052
5403,0.0,0.10504660480546377
8232,0.0,0.10342955275604232
40,0.0,0.4736647939489689
8991,1.0,0.5850204056991501
28620,0.0,0.12196265252089739
16355,1.0,0.5036697494528402
18340,1.0,0.5677337171965003
5138,1.0,0.5866655346774711
12391,0.0,0.2563707362580623
15550,0.0,0.05784670409734387
27155,0.0,0.12040514102415308
19883,0.0,0.45984905684181276
25140,0.0,0.4756082731094137
27463,0.0,0.07198498436917376
23894,1.0,0.5833005201557273
18285,0.0,0.09452569158389384
25415,0.0,0.3681276465697295
9894,0.0,0.12614572831120374
15242,0.0,0.46459909077881045
8485,1.0,0.5834897072007157
11982,0.0,0.10311397356241052
28370,0.0,0.4652365470961549
17047,0.0,0.16301953374787231
24941,1.0,0.5582295391936397
28936,0.0,0.20126008074735516
9562,0.0,0.2683603853721958
30061,0.0,0.13554533468205945
2718,1.0,0.5348087801323324
24681,0.0,0.10210057900421006
16210,0.0,0.09296832538344076
1517,0.0,0.1406233884714888
29475,0.0,0.22144706444597667
32233,1.0,0.6473091739065489
26601,0.0,0.24900367512526497
22457,1.0,0.5045500341561381
30759,1.0,0.5789998387566399
27417,0.0,0.07804452404803573
18983,0.0,0.3018391005976719
32085,0.0,0.13227307833564578
13197,0.0,0.0887305782516461
14026,0.0,0.4215317689406237
19719,1.0,0.5311983886238822
30046,0.0,0.1544319954301388
10446,1.0,0.5244894850567761
5907,0.0,0.17646155715588466
1392,0.0,0.14735977692109706
10348,0.0,0.11560821303225952
7957,0.0,0.17929114910040198
19058,0.0,0.19345077508040553
19243,0.0,0.1542164612197863
7770,0.0,0.28409757374946737
15910,0.0,0.08090806268095262
30486,0.0,0.25822881935458514
20333,0.0,0.25952789417421535
6816,1.0,0.5117019952822561
26209,0.0,0.07836913437708139
10803,0.0,0.1875679763732489
26411,0.0,0.20259568799663252
31555,0.0,0.1124981281709006
15564,0.0,0.14162127968798163
28764,1.0,0.5028055355887774
14172,0.0,0.1731082481128383
3068,1.0,0.5479239475676372
27164,0.0,0.0802804357875735
20887,0.0,0.10440254970131015
27102,0.0,0.08220631307591039
14534,0.0,0.09402124626887785
9021,0.0,0.08349329886251931
6527,0.0,0.41351993606046833
7615,0.0,0.08622872320234207
11392,0.0,0.12769524352438053
33148,0.0,0.4688935187951136
20910,1.0,0.6039923505537136
20269,0.0,0.1053180788576423
23670,1.0,0.5995841252353412
19946,0.0,0.09010266792230652
29652,0.0,0.1465130026081871
23770,0.0,0.10809388386802897
24340,0.0,0.08441478352873767
18737,0.0,0.12305361479545757
24739,0.0,0.13297208435935062
31072,0.0,0.09222498759227278
32629,1.0,0.512550195083837
4184,0.0,0.09161071420164282
19028,0.0,0.2106401888499486
12295,0.0,0.11685131857743668
17898,0.0,0.08452922456764651
25160,1.0,0.5111001672781614
13000,0.0,0.24770128923153042
8849,0.0,0.19984947615471538
4773,0.0,0.07835228562945601
23867,0.0,0.335879439159425
25341,0.0,0.15945728310790938
1456,0.0,0.40548185036549717
22152,0.0,0.16183544391100424
6560,0.0,0.0947997068265924
22829,0.0,0.10646243187483685
4745,0.0,0.10521655436873148
22814,0.0,0.09938605036556063
23233,0.0,0.12904931850717344
26370,0.0,0.12261623716114052
12695,0.0,0.499158002104091
11888,0.0,0.12981482001485017
319,0.0,0.0898364520131868
2510,1.0,0.6425498130724275
5298,0.0,0.09598623069796988
18400,0.0,0.15956932936035526
30849,1.0,0.5054298119632826
31123,0.0,0.3299166455984224
15829,0.0,0.0815119865481172
15578,0.0,0.09007087897650576
4037,0.0,0.10746625517361572
29658,0.0,0.0911971284182799
10171,0.0,0.06880309946434894
1937,0.0,0.10909223259855141
7376,0.0,0.12113757070265625
25243,0.0,0.0821250302894855
9234,0.0,0.09998353847968007
8471,0.0,0.10337553540820191
5367,0.0,0.12017805021292977
5576,0.0,0.11658201815053347
5488,0.0,0.09061731744719825
18306,0.0,0.0705062788296826
2063,0.0,0.13492285948114724
14205,0.0,0.15335089630037763
16490,0.0,0.38557863034324674
10560,0.0,0.07422611241762796
23064,0.0,0.1041294980253725
32545,0.0,0.07777696530141535
29833,1.0,0.600148589007423
14200,0.0,0.09430859373701309
29830,1.0,0.5031984223669252
21423,1.0,0.6209314450845256
13869,0.0,0.10705844351199223
28259,0.0,0.08721346117067405
9618,1.0,0.5110312335510018
18209,1.0,0.5486609354552381
27437,0.0,0.07914209916531659
17129,0.0,0.36637584052976324
8349,0.0,0.08835204553692327
6179,0.0,0.1018508738278629
28842,1.0,0.5709985852349516
26563,0.0,0.13912506994663143
19256,0.0,0.2911355267674501
25579,0.0,0.10319300277890957
27521,0.0,0.1038562699063068
31378,0.0,0.08404328863175303
14870,0.0,0.3928429035044551
11929,0.0,0.08477576834452512
14585,0.0,0.4945023882106305
32487,0.0,0.4686768185580391
15593,0.0,0.35352849626851773
13170,0.0,0.07357276349569625
24544,0.0,0.07470390849203784
11613,1.0,0.502110156018425
30221,1.0,0.5486315406606199
28251,0.0,0.12512700570388302
4062,0.0,0.2178688559953769
29018,0.0,0.14976642995390477
26433,0.0,0.1266039919811601
5489,0.0,0.36448283737242115
19459,0.0,0.49235141524646714
6017,0.0,0.19938358017234603
24261,1.0,0.5150883228319869
16705,0.0,0.14422028773748627
16540,0.0,0.4509981949711495
7508,0.0,0.08570249875191628
32650,0.0,0.15700418378068728
21381,1.0,0.5377411357713434
9487,1.0,0.6217155233599774
9040,0.0,0.16676621731310357
12854,0.0,0.13516823396951805
32495,0.0,0.4256490089280409
1622,0.0,0.4377223562927749
15660,1.0,0.5520014321079187
4052,0.0,0.0890948885756449
23279,0.0,0.1158853760010122
20286,0.0,0.14454821592124797
13832,0.0,0.46854987079239185
8066,0.0,0.25227621804856226
31585,0.0,0.08821696525046253
1249,0.0,0.09165758914695049
10843,0.0,0.1224471183461836
9706,0.0,0.16025369225728373
14601,1.0,0.5566085618780751
5823,0.0,0.2638057322820407
1148,0.0,0.11478203792125916
31284,0.0,0.10208587596785365
21383,0.0,0.3347252710971504
32156,0.0,0.15535649589723988
14110,0.0,0.14454523621742782
20035,1.0,0.632340124040658
20872,0.0,0.1853026540418295
14568,0.0,0.48459187455471114
12115,0.0,0.21345485834278535
26440,0.0,0.09924327689003455
28319,0.0,0.09808295724723601
11654,0.0,0.26000116513933885
22964,0.0,0.07319604881497564
6834,0.0,0.10691114308888698
15305,1.0,0.5745439602093565
14669,1.0,0.5133347009250699
15978,0.0,0.07715958030175836
32027,0.0,0.08776235161420369
4806,0.0,0.09766910043454288
23700,0.0,0.15106184437523873
5956,0.0,0.13638202095671934
2441,0.0,0.07144673634084989
20068,0.0,0.35598108854710275
18369,0.0,0.44409860845939136
28121,1.0,0.5594751957979398
15061,0.0,0.226763965924377
7443,0.0,0.12696437041292258
14456,1.0,0.5405076565461543
1864,0.0,0.09246547545058205
23766,0.0,0.17622926833549568
13051,0.0,0.2736802706633371
25644,0.0,0.12535400887902534
16941,0.0,0.11714473189144847
30388,0.0,0.10803631060022457
5861,0.0,0.08039948173532198
9840,0.0,0.247988485445214
16203,0.0,0.13479628647188177
23986,1.0,0.5769618580061867
6889,0.0,0.07004844388713818
3658,0.0,0.08025881862028163
4004,0.0,0.1964585483256762
14620,0.0,0.08359536490040237
18979,0.0,0.08604771203021336
25101,1.0,0.579191308432129
10873,0.0,0.1710094102541286
24570,0.0,0.08118291244410798
25051,1.0,0.5765331283406515
22366,0.0,0.16398752151348592
11762,0.0,0.2756280192049098
9993,0.0,0.19284170311812227
31464,0.0,0.06946863271542508
5040,0.0,0.20459038620247905
976,0.0,0.12015449887292799
30784,0.0,0.1110116278879219
31557,1.0,0.5007735499994814
22982,0.0,0.06905168484715812
29300,0.0,0.07656485478362457
5932,0.0,0.122895634832018
31852,0.0,0.17376395921001708
20833,0.0,0.09523554142824646
9501,0.0,0.12431776937027225
9707,1.0,0.5907755524655118
20756,0.0,0.14228776974426618
11541,0.0,0.10515198933294974
28084,0.0,0.07962373973834788
9726,0.0,0.43067619749934527
31483,0.0,0.1305701535402388
17440,0.0,0.2414715231043167
30836,0.0,0.31899303831698456
139,0.0,0.08627263174876074
2606,1.0,0.5193255553500508
14158,0.0,0.3343344765528137
13100,0.0,0.397871371514991
30502,0.0,0.12073458556758193
24245,0.0,0.0751825306449376
28562,0.0,0.16933035552663728
12735,0.0,0.12389713742787013
4114,0.0,0.10405672716540705
30367,0.0,0.35310986234268127
5412,1.0,0.5599328110356141
27834,0.0,0.10256162151354113
4709,0.0,0.110348510049654
23880,0.0,0.4955124832060187
18607,0.0,0.24951950114624252
15527,0.0,0.14714228703972393
13748,0.0,0.0954358610115303
24331,0.0,0.42568651148967773
10636,0.0,0.09216832919595985
12488,1.0,0.519485148351482
16660,0.0,0.09547414432675067
2892,0.0,0.33168918419850085
6332,0.0,0.35725199849206063
6504,0.0,0.4756749004896259
19043,0.0,0.09657031502176894
22715,0.0,0.11576452884025608
27606,0.0,0.08808047695053738
33052,0.0,0.08049890234841348
6793,0.0,0.10711785740256978
16595,1.0,0.5612123421156965
18261,0.0,0.12900018784205178
27307,0.0,0.13780533856624266
25699,1.0,0.5402952299388688
11707,0.0,0.08909029099668384
21613,0.0,0.4562631747610107
32057,0.0,0.2773722173748336
115,0.0,0.08772162593297696
6823,0.0,0.08629586264223374
14353,0.0,0.27636273918019166
26805,1.0,0.6047419077307015
15635,0.0,0.38008513277554196
26417,0.0,0.08720090026535057
3848,0.0,0.09915262998343348
17211,1.0,0.5329354614042682
13103,0.0,0.13974224953503514
5243,1.0,0.6012367166081194
2107,0.0,0.12568284449548583
30974,0.0,0.07775720890373718
2998,0.0,0.12448234477811904
22975,0.0,0.48494871423613944
27239,1.0,0.5164352681884664
18463,1.0,0.5357253038538442
21490,1.0,0.5880607699135112
30657,0.0,0.2612214363716193
32075,1.0,0.525788937809623
31141,0.0,0.07640728006988837
2340,0.0,0.10729585380330976
21188,0.0,0.23320418135009427
24156,1.0,0.5359045355013372
32584,0.0,0.11029078665396837
6515,1.0,0.5665952051811655
14292,0.0,0.10052129046317257
16125,0.0,0.07886880019279424
25802,0.0,0.39340404555552
19385,0.0,0.4906605054484061
27304,0.0,0.09004263823044631
3697,1.0,0.523972780815853
11800,0.0,0.15239911859708555
180,0.0,0.1644842410923303
7733,1.0,0.5451404864154197
6935,0.0,0.08030778780180771
4082,0.0,0.10529052359308504
31959,0.0,0.0836342099423844
25113,0.0,0.49692896889551413
14329,0.0,0.4864396805817893
15570,0.0,0.10418311166082198
32516,1.0,0.5416667132221992
2535,0.0,0.09007746604899372
16014,0.0,0.06605923989759627
24251,0.0,0.10608822227628575
31019,0.0,0.2936948240948995
21012,0.0,0.11879821149318294
22140,0.0,0.2021061047808191
21462,1.0,0.5697822693600125
20786,0.0,0.47552357436155485
32404,0.0,0.3633034368281636
16084,0.0,0.4777845165635424
20103,0.0,0.41866286191975255
22525,0.0,0.12395353540193987
13230,0.0,0.4970617811912435
29502,0.0,0.08575245390951586
11646,0.0,0.10014846856634155
6058,0.0,0.11453553904352164
30892,0.0,0.12057354487986681
31017,0.0,0.22604041873967887
23803,0.0,0.11655159537415254
6831,0.0,0.47449750570036253
20380,1.0,0.5360249566034236
15629,0.0,0.07644549558301601
17342,0.0,0.1635319601048049
22359,0.0,0.08124620897755765
27610,0.0,0.1242340141459719
26769,1.0,0.5546629499427893
3979,0.0,0.1264655409367751
25171,0.0,0.19973716038754347
23379,0.0,0.4165622589339836
18138,0.0,0.09881074514320916
31687,0.0,0.10856782670158548
23739,0.0,0.30668763686978184
8392,1.0,0.5623201921704024
6427,0.0,0.28180967375083144
27813,0.0,0.12353355081151401
20687,0.0,0.12524755470897897
22527,1.0,0.5925300744491426
33343,1.0,0.6148066436127849
818,0.0,0.06676973052910778
31669,0.0,0.4521830913536673
10952,0.0,0.24566555647489005
16331,0.0,0.07569324643876041
32029,0.0,0.09093381419119043
21152,0.0,0.12387921156285114
23488,0.0,0.1296668544235128
11945,0.0,0.48026734687639255
1670,0.0,0.26854515133401674
16104,0.0,0.14876482409288616
4158,0.0,0.12090531091859398
29781,0.0,0.11801596459871497
6720,0.0,0.49650358211018547
14369,0.0,0.30197379124399065
20235,0.0,0.08110365937670291
3617,0.0,0.09761186630123014
30756,1.0,0.5389483928469709
22625,1.0,0.5310297171989211
22057,1.0,0.5267255586391467
20635,1.0,0.5731984595181868
1588,0.0,0.17452881093466766
234,0.0,0.08803325868829998
18752,1.0,0.5096331051569183
18128,0.0,0.07576738976060668
18260,0.0,0.37734649824723115
19332,0.0,0.10425189946816214
9564,0.0,0.10851487410822656
5685,0.0,0.06596537717575592
18063,0.0,0.13619420752905087
27124,0.0,0.12190039336599576
3395,0.0,0.30961260730703616
22310,0.0,0.10322697189547579
15977,0.0,0.16400229046996467
4917,0.0,0.1588271077692327
19102,0.0,0.147434560362345
23275,0.0,0.28284951394262436
13157,0.0,0.4514070686256452
13269,0.0,0.10242819780543798
29977,1.0,0.5857917881152783
20571,0.0,0.09523527059129906
23883,0.0,0.4185827804098253
33033,0.0,0.49326255187249535
10579,1.0,0.5703048846361236
5258,1.0,0.5197959561534039
853,0.0,0.0987176772670043
27245,0.0,0.41695661134226847
30670,1.0,0.5219723957166871
22497,0.0,0.14889520365053516
3218,0.0,0.0806934725177802
464,0.0,0.15899235736295492
15770,0.0,0.06260129925078495
18264,0.0,0.08680418437688835
32066,1.0,0.6058221805770326
11386,0.0,0.3528942048569318
17502,0.0,0.45581208458447947
32273,1.0,0.5234327636175952
27543,0.0,0.08996673005106111
16317,1.0,0.5105597459186462
2852,0.0,0.07711969483453593
5056,0.0,0.1330718406521949
17504,1.0,0.5203119347258841
24585,1.0,0.525802447061762
11734,0.0,0.15096193171375788
16675,0.0,0.11249896239108736
23344,0.0,0.45132929902626046
21786,0.0,0.12862172515628892
31079,1.0,0.5305412474814791
33251,0.0,0.07848586242190377
7805,0.0,0.07543529160109838
8911,0.0,0.45910233654124577
7315,0.0,0.2116596950730534
28132,1.0,0.5486478734575811
8367,0.0,0.3423790532608195
27909,0.0,0.13740756600947515
32320,0.0,0.09848545878044632
15441,0.0,0.08475247829201076
25999,1.0,0.5535035989859485
20169,0.0,0.2244828692123215
11682,0.0,0.4264293184567004
26581,0.0,0.1486968934057695
14832,0.0,0.48042864713616207
18023,0.0,0.129416225401054
18963,0.0,0.06782653613853505
9105,0.0,0.12797499958589056
18344,1.0,0.6168122788937423
576,0.0,0.08614076724502319
2656,0.0,0.1896527580047124
16881,0.0,0.07924984969606487
30245,0.0,0.4973073006239149
9630,0.0,0.07970371763303218
3580,0.0,0.08591695610090896
14773,0.0,0.14989247215263654
31238,0.0,0.13713970598578895
1633,0.0,0.0798425047629125
1995,1.0,0.5423238083234346
30587,0.0,0.11373203743306663
32369,0.0,0.08820457627170665
3722,0.0,0.4082869857458863
10721,0.0,0.13692714023962882
407,0.0,0.0937474342131516
31098,0.0,0.11051245050777277
4053,0.0,0.08666698346539307
13782,0.0,0.20912930718550216
20767,0.0,0.3199218987446072
20113,0.0,0.09559820502522756
4674,1.0,0.531302268617707
2444,0.0,0.4915384891261336
19966,0.0,0.10001174521946775
26367,0.0,0.2225549100296032
19508,0.0,0.07590233132229092
13006,0.0,0.1543974760690722
7563,0.0,0.07185916745266892
25993,0.0,0.09149832200172896
18013,0.0,0.47170362221310647
27699,0.0,0.10226768008551612
3003,0.0,0.0915478801445627
6620,0.0,0.12777715058453862
4364,0.0,0.08748438126857189
2296,0.0,0.12594790327197772
17958,0.0,0.14357681842615208
9740,0.0,0.08834825683102976
1304,0.0,0.10074859706049281
28735,0.0,0.08175360818716326
32212,0.0,0.22485207787829226
14053,0.0,0.4289102475159753
22641,0.0,0.12504666652935537
17900,1.0,0.5025760200576407
31333,0.0,0.08216935354830376
501,0.0,0.4202463608430434
18104,0.0,0.0885337713978549
6092,0.0,0.1250353737096019
17249,0.0,0.07262214507050048
1227,1.0,0.5174780533327584
23515,0.0,0.13486756504097516
16309,0.0,0.26963626726612033
5368,1.0,0.5312521997549623
27693,0.0,0.07599698237941731
2582,0.0,0.07953273280847592
12096,0.0,0.4842723791046818
17526,0.0,0.12470393265274644
23647,0.0,0.07615083569823103
11440,0.0,0.48581520536769524
7942,0.0,0.17664899000091921
12064,1.0,0.553525267399238
2170,0.0,0.16732634826877343
15663,1.0,0.6022577295753938
18378,1.0,0.52423120907767
5943,0.0,0.10013526623776726
8578,0.0,0.19197145363811757
28645,0.0,0.21951699537570485
5101,1.0,0.5285050640790587
14529,0.0,0.12525006520598891
26235,0.0,0.4778376802266382
24260,0.0,0.14993395156670375
17549,1.0,0.5332171922796646
17610,0.0,0.11671931071569794
10246,0.0,0.36178361708532836
8990,1.0,0.5266062176148391
20459,1.0,0.5426626912395301
22775,1.0,0.5188904536056476
11212,0.0,0.08614917539220707
11963,0.0,0.1256653552803232
14516,1.0,0.5603834736385994
6464,0.0,0.0870329452860813
31981,0.0,0.1603050767469892
19350,0.0,0.09459741037840816
675,0.0,0.17765348784161258
3374,0.0,0.47344026272725487
24495,0.0,0.07066283974500723
8484,0.0,0.09525448984199424
12459,1.0,0.5517536172707269
29414,0.0,0.1246709325713301
10548,0.0,0.08125868662223783
29383,1.0,0.5727564720243464
13373,1.0,0.6309286765289165
21283,0.0,0.2709999404509175
2280,1.0,0.5180447910627681
5624,0.0,0.0874552145302317
6778,1.0,0.5205532162214846
2926,0.0,0.30125168362690613
20431,0.0,0.1336790465291775
29537,0.0,0.07586497636244878
4450,1.0,0.5333627901172328
25833,0.0,0.4538144866965543
33112,0.0,0.1004246824138211
547,0.0,0.07880253674144137
9270,0.0,0.15156332595016278
15566,0.0,0.10331350066914055
30826,0.0,0.09121929027228048
250,0.0,0.10952400646317681
25714,0.0,0.41477673844716156
28267,1.0,0.5890185403719105
4504,1.0,0.5025558592671614
12581,0.0,0.14282411078597254
15483,0.0,0.09377878426905104
2894,0.0,0.3974830892114396
15726,0.0,0.1276273147444974
17117,0.0,0.10690951853317765
14182,1.0,0.5448947278625799
3699,0.0,0.4611318945579401
29624,1.0,0.5022459235031728
16168,0.0,0.15975355737339275
9800,0.0,0.09967232090764043
9544,1.0,0.6037134198593561
1433,1.0,0.5165403777279817
27458,0.0,0.2815669749853448
4804,0.0,0.4949703263483455
24376,0.0,0.12808775102672063
31613,0.0,0.10238507527489751
26895,0.0,0.10749146398918896
17085,0.0,0.1907826052112527
22698,1.0,0.5707942518428801
146,0.0,0.09899368273151675
24022,0.0,0.4523635974123759
14658,0.0,0.07484296585946516
21548,0.0,0.08240911040522893
9827,0.0,0.16299002005515428
18544,0.0,0.35970707992318873
28874,0.0,0.14832628849302107
6361,0.0,0.10339375591074795
13089,0.0,0.1067224872194654
23426,0.0,0.08486608854139735
22520,0.0,0.49520637551429947
9649,0.0,0.09138889201334958
23255,1.0,0.5221039934835124
24081,1.0,0.5557296539762462
23116,0.0,0.07040247167763555
27338,1.0,0.6123810752807528
14873,0.0,0.10422580812450265
11886,0.0,0.4120855853525904
9207,0.0,0.1257257426010661
3291,0.0,0.07580735826646688
5002,0.0,0.1547461032047515
6768,0.0,0.4599855312569744
6281,0.0,0.2273936222121872
11155,0.0,0.10059810893607897
14342,0.0,0.16941596633290593
10394,0.0,0.07570577069582876
14014,0.0,0.08012356176344639
28671,0.0,0.13401287913449586
5109,0.0,0.08255199398894515
31775,0.0,0.07437963120135396
17944,0.0,0.08160645601269254
7499,0.0,0.13993110111425136
13124,1.0,0.5467089313441362
22808,1.0,0.511702518265205
29695,0.0,0.15115338165528727
6167,0.0,0.13076918964565618
137,0.0,0.08575821909450136
19494,0.0,0.0808577918578239
33277,1.0,0.5765581257956801
3760,0.0,0.16053694458845066
6837,0.0,0.34532192795082794
27220,0.0,0.15067729353639348
26985,0.0,0.16035554322827156
23667,0.0,0.14468476420865797
7793,0.0,0.13069914367614474
11502,1.0,0.6056229295120199
5882,0.0,0.32232903292986625
24978,1.0,0.5213885662071958
25866,0.0,0.10894532063269198
30020,0.0,0.3010459619409806
5380,0.0,0.0836710691414657
20045,0.0,0.12267269033848321
26651,0.0,0.07785725821860554
14077,0.0,0.09280076504485318
32000,0.0,0.40985651661574607
26694,1.0,0.5956338445481341
167,0.0,0.44730255267594576
28381,0.0,0.23542327455040948
24612,0.0,0.08620362997461109
17481,0.0,0.29780741619503515
28007,1.0,0.577834803314082
26178,1.0,0.5198093198363727
13467,0.0,0.16191786818833692
5720,1.0,0.5416672653995263
18565,1.0,0.5042207792449911
17018,0.0,0.1487206268653687
13047,0.0,0.12191536791272155
20475,1.0,0.5611838109735356
5150,0.0,0.07771809733258778
31451,1.0,0.5150559790848618
14621,0.0,0.09904935870465861
29123,0.0,0.0761820229238841
13949,1.0,0.5654366854402485
2269,1.0,0.5690338330556128
12814,0.0,0.08021443490961622
5255,1.0,0.5076581085051585
3880,0.0,0.07981557035498976
25297,0.0,0.11909193606500298
27008,1.0,0.5799328502923331
1886,0.0,0.07635208137546527
31129,0.0,0.09764816027770967
1123,0.0,0.09855327761512132
9149,0.0,0.0975604314783334
21962,0.0,0.2508925289631298
462,1.0,0.647975518413876
2677,0.0,0.4962826070655936
18648,0.0,0.07574026498604894
25612,0.0,0.20714109664960026
2784,0.0,0.2812256887612959
33064,0.0,0.46992546508297445
3543,0.0,0.09028948608222018
16419,0.0,0.08281284086699416
31606,0.0,0.47139213585581247
5800,0.0,0.09863876531500287
9032,0.0,0.08106068403294513
32908,0.0,0.36915446562823734
31186,0.0,0.06395368848950506
18411,1.0,0.5697479854599274
7636,0.0,0.11579965187362802
25586,0.0,0.13954304154328484
2583,0.0,0.1104339939098593
560,0.0,0.07378284108137462
5514,0.0,0.11013684894694922
3624,0.0,0.0690930298376401
1274,0.0,0.19307909871059606
4957,0.0,0.13033824390066584
7424,0.0,0.09263880997272902
12055,0.0,0.15070488089405998
9163,1.0,0.5021808385204756
29171,0.0,0.08915634517371032
16193,0.0,0.0923763444159024
25623,1.0,0.576683548018067
2575,0.0,0.14400163894184537
21353,1.0,0.5506325824295318
9106,0.0,0.0736124770114159
30470,0.0,0.4096511402189538
20437,0.0,0.16752822222541947
18316,1.0,0.5617287165462491
11956,0.0,0.16181438297652165
8713,0.0,0.3388069765463677
12951,0.0,0.3963847342752503
23795,0.0,0.13134561458205282
25933,0.0,0.2549647998436655
14271,0.0,0.18040685029831585
25129,1.0,0.6574539810672476
344,0.0,0.08198768109594584
31672,1.0,0.562249040990898
6400,0.0,0.181664112263742
30719,0.0,0.11333277423835965
26660,0.0,0.08020073293832594
14428,1.0,0.5866069608115048
6225,0.0,0.1417108148099182
7773,1.0,0.5616288163855114
7720,0.0,0.10092579013958647
2018,0.0,0.15012879550926816
5485,0.0,0.28930506795624006
23288,0.0,0.08651978698122713
33010,0.0,0.1201982292834096
4819,0.0,0.10496663639761966
3127,0.0,0.1123353457887493
32360,0.0,0.09199436638391362
23133,0.0,0.0768265595518524
28972,1.0,0.5162769774543423
7439,0.0,0.45275452882387746
28333,0.0,0.4691759035276995
25726,0.0,0.29698015877793627
15009,0.0,0.09716670460410581
20205,0.0,0.15588712555055179
31245,0.0,0.12560461561621167
10810,0.0,0.4759940674106112
1172,1.0,0.5391810063150664
10809,0.0,0.17458377752282314
16944,0.0,0.47182115583935913
12829,0.0,0.08707123970887279
24246,0.0,0.11187619982217073
33108,0.0,0.10184855391268327
5484,0.0,0.13381707424080327
20725,0.0,0.19746861598342935
19501,0.0,0.41393690241834535
19468,0.0,0.18845721805015464
1097,0.0,0.09119995964594459
31984,0.0,0.09104089977880271
172,0.0,0.0890948885756449
4899,0.0,0.20470304720899135
19171,0.0,0.08617922608884188
21296,0.0,0.15358207534127769
14156,0.0,0.18845014758058595
31565,0.0,0.08256901796370998
21308,1.0,0.6212592358091142
691,0.0,0.08939786477759445
15225,0.0,0.08702713132561052
852,0.0,0.09791473736612794
3413,0.0,0.4822048490474504
33234,0.0,0.2701516718945647
13314,1.0,0.5076230127173033
30921,0.0,0.07826856477205152
17072,0.0,0.14432720642507402
31230,1.0,0.511293169944067
6689,0.0,0.15964698759869106
19117,0.0,0.10628196552322881
32259,0.0,0.08531877592119388
15640,0.0,0.4734308230174613
16690,0.0,0.06988520511875751
10928,1.0,0.5317572758070712
10640,0.0,0.14299908536906097
14904,0.0,0.16794354190644536
5160,0.0,0.12973370637248055
8239,1.0,0.5517059077405908
11912,0.0,0.12178888269453152
23554,0.0,0.08805720715867495
17221,1.0,0.6272557186134557
25072,0.0,0.07419727518606369
19240,0.0,0.08826489707793503
12151,0.0,0.12352797456460891
26963,0.0,0.09247691338873337
2889,0.0,0.13706945719246388
19260,0.0,0.11962385049926358
7626,1.0,0.6077792995489568
31896,0.0,0.15372747246114238
17673,0.0,0.09991742773015302
12645,1.0,0.5347328333844968
13726,0.0,0.2842072424230153
14240,1.0,0.5149732829585567
5113,0.0,0.28317578477615
32646,1.0,0.5430897694602569
30645,0.0,0.12772034317900008
14500,1.0,0.5899974566358924
16525,0.0,0.07508743915593898
20663,0.0,0.10600712181044417
8897,1.0,0.5324087743517534
10049,0.0,0.08343790158502949
13543,0.0,0.1428862707159341
1250,0.0,0.10290355620917697
16345,0.0,0.44399654196775096
3673,0.0,0.11381799481226132
17165,1.0,0.5886285924016308
8587,0.0,0.08668404002797236
7903,0.0,0.13626395339566028
28390,1.0,0.5654895657618324
18101,0.0,0.29368151370487966
3408,0.0,0.3603430969501023
3619,0.0,0.10391616048372665
9335,0.0,0.1548631116597883
31337,0.0,0.3943063809018304
18903,0.0,0.08022358041738789
1406,0.0,0.09457186712187755
31133,1.0,0.5531243902991336
30475,0.0,0.16767892280567193
11339,0.0,0.15462119057417634
10455,0.0,0.39475005493948495
22881,0.0,0.18245943431361783
29667,0.0,0.1721139609567065
16517,0.0,0.1958421126222173
15094,0.0,0.0785631259894223
2682,0.0,0.17190757864297113
7679,1.0,0.6143069196067695
2954,0.0,0.12610080260482082
12709,1.0,0.5196646574621501
24845,0.0,0.17196578474638888
6829,1.0,0.5199302195166443
12810,0.0,0.08343355459240677
20607,0.0,0.33419445347214527
10429,0.0,0.12819472489015085
18781,0.0,0.1443964724887599
21189,0.0,0.1187307008035761
19996,0.0,0.12314418544849878
24837,0.0,0.12328181435214437
4955,0.0,0.12838090015839124
32766,0.0,0.07969697698278623
6209,0.0,0.4759702606057445
24293,1.0,0.6023799083566153
28090,0.0,0.10242444056384656
11842,0.0,0.2209615064067838
13211,0.0,0.4147681466997868
26309,0.0,0.19798739287550934
4832,0.0,0.1520867276130919
23885,0.0,0.12028481577184079
27278,0.0,0.17759604149512967
32853,0.0,0.07552099355387405
3264,0.0,0.08647357312237348
9997,0.0,0.10235180898993043
21496,0.0,0.13800141896728413
20570,1.0,0.6008406085781819
11907,0.0,0.08810162159042134
28629,0.0,0.1423189203580751
31388,0.0,0.11466250386751672
14538,1.0,0.5151251359035417
28,0.0,0.0828759537250355
32099,0.0,0.4940108860715238
6356,0.0,0.34754964578953307
16058,0.0,0.07575488379048861
10198,0.0,0.20069043642141376
24993,0.0,0.15114006468776414
28864,0.0,0.18836647380553107
1206,0.0,0.08887211648772737
14412,0.0,0.13748549406772315
19987,0.0,0.11176960506645393
15586,0.0,0.16525106244184823
17424,0.0,0.1790777421022893
19783,0.0,0.15038038363799658
15763,0.0,0.08033176248265478
6433,0.0,0.4429940600120405
7881,0.0,0.09443958041110295
9237,0.0,0.10054569895871338
26656,0.0,0.09071310253666694
14019,0.0,0.43379779240832667
27036,0.0,0.17862272750429864
8304,0.0,0.11942629020480115
16458,1.0,0.5663557607715881
16138,0.0,0.33625010306817704
8701,0.0,0.07305166917945978
14281,0.0,0.08253062795471995
1968,0.0,0.08765670046764167
742,0.0,0.08476832623638363
17953,0.0,0.3555193491518137
660,0.0,0.08124467375989079
10829,0.0,0.13448190095828405
14159,0.0,0.19727101004450706
13603,0.0,0.11456627084410155
18232,0.0,0.07653370029197278
14574,1.0,0.5414059320718437
24725,0.0,0.18142984382794855
10737,0.0,0.08388773149778862
15141,0.0,0.13466620350414535
25308,1.0,0.6241899665796918
23084,0.0,0.07399358599299534
25465,0.0,0.08930331155001942
12340,0.0,0.0764355651586081
15589,0.0,0.11112941987097638
129,0.0,0.10477301648125295
19641,0.0,0.2526458968803037
8083,0.0,0.20249850275400683
4166,0.0,0.060238797791032764
14586,1.0,0.5291153320792508
21822,0.0,0.10369929414286876
2415,0.0,0.1422654906084677
1382,0.0,0.42593503303444874
30373,0.0,0.09313972495375791
1135,0.0,0.05996722823810611
29230,0.0,0.16463302651681194
16972,0.0,0.10542009641163233
25730,0.0,0.08877799930479875
17021,0.0,0.0873511906212491
19032,0.0,0.10405664147242463
6154,0.0,0.16340505547434808
2744,0.0,0.08091008519599008
621,1.0,0.607452298522778
14035,1.0,0.5947268087823404
13621,0.0,0.4655179363129943
19202,0.0,0.11358360216719497
29010,0.0,0.491232130696462
3606,0.0,0.14306296381141098
22214,0.0,0.08462686231555713
16245,0.0,0.1483413231496355
30639,0.0,0.16278012261977992
28365,0.0,0.13267152384592576
30546,0.0,0.08708525330143052
7792,0.0,0.44374902110312603
12846,1.0,0.5201533235536362
25038,0.0,0.23944519503471096
17919,0.0,0.45169809789878124
6465,0.0,0.08467058375074574
13836,0.0,0.08366308806162862
30399,0.0,0.08307650558929948
27949,0.0,0.07846292957403665
27512,0.0,0.14439130467332684
22507,0.0,0.11332912006135322
656,0.0,0.2038613505589118
23663,1.0,0.5759200168628597
30907,0.0,0.08671836226970077
30023,0.0,0.10346626114342701
22045,0.0,0.2705488063133873
2209,0.0,0.07412109291970875
4838,1.0,0.5010442578894638
28498,0.0,0.1036420623912406
1179,0.0,0.20957217977499756
10682,0.0,0.16229911983665057
20707,0.0,0.23720705544150725
31228,0.0,0.41788391791174506
11642,0.0,0.13576132098992422
14477,1.0,0.5260917772733168
25737,0.0,0.17574418992656093
21032,1.0,0.5289430605491208
30770,1.0,0.505518985811188
28733,0.0,0.08989806707985934
26032,1.0,0.5357253038538442
2421,1.0,0.5741070357717685
6027,0.0,0.15077984361436397
7266,1.0,0.6197435152692329
20956,0.0,0.10235533114871773
26068,0.0,0.17350492702351455
20179,0.0,0.15469490939195302
32956,0.0,0.11176724665732371
12570,1.0,0.5222269913065637
7689,0.0,0.49967936292571385
19653,0.0,0.1618462137296031
8447,0.0,0.1821259641213042
18513,0.0,0.26612869469376377
4066,0.0,0.0758177550673543
613,0.0,0.10386731324209532
12437,0.0,0.0826576285562505
20917,0.0,0.4492805382007164
12505,1.0,0.5697240843748428
22510,1.0,0.5289699236290473
6642,1.0,0.5719943569756307
8562,0.0,0.17227290175908425
13030,0.0,0.13780720368290836
33291,0.0,0.2628561572175398
10469,1.0,0.5377929627923461
30777,0.0,0.1038790270641481
31756,0.0,0.4934709246795289
3879,0.0,0.11116567690634616
16255,0.0,0.49893999947233025
5050,1.0,0.5764453554519469
4273,0.0,0.4021985795441397
14867,0.0,0.0834568895280455
16180,0.0,0.4337499031528536
8491,0.0,0.0985566493642567
23514,0.0,0.16279712714078923
14398,0.0,0.19191220442500445
11444,0.0,0.2247529625826032
22303,0.0,0.23954055314136308
7391,0.0,0.12947856287375314
9195,1.0,0.5358347910628354
7519,0.0,0.22459382780259063
15307,0.0,0.24843781376893087
24683,0.0,0.10244674309406035
27067,1.0,0.582356102739673
11327,0.0,0.10244235063303847
2529,0.0,0.4044456612580807
31349,0.0,0.1010835314163429
30739,0.0,0.08704484797417517
32141,0.0,0.07768742346068187
7759,0.0,0.49498820229971385
16286,0.0,0.42946426694091805
5381,0.0,0.13157623899437368
16782,0.0,0.43636101183725245
8122,0.0,0.164867822267649
4370,0.0,0.47164295799147227
13883,0.0,0.0753294571247774
21673,0.0,0.10964747176540282
24268,0.0,0.09278204321568112
17200,0.0,0.21048180289036422
31533,0.0,0.06788116566933576
23172,0.0,0.10356910934229577
1647,0.0,0.10822378574081841
1276,0.0,0.11899742939540504
19942,1.0,0.509202398777674
26888,0.0,0.48569945060718106
11667,0.0,0.16756488883321982
3890,0.0,0.10025995028445069
17267,1.0,0.5788732250986155
4934,0.0,0.09678637443099461
2752,1.0,0.5691370448219498
6413,0.0,0.2284253389593607
5817,0.0,0.06906812207714483
27952,0.0,0.49656050013831354
6402,0.0,0.2119123395054655
2358,0.0,0.4878017385733978
7645,0.0,0.49874684407973974
15411,0.0,0.0928370313095895
32727,0.0,0.4645734813912291
32693,0.0,0.11331914355001577
471,0.0,0.14146104731166836
16922,0.0,0.14999469347257618
31991,0.0,0.07042819840378532
16212,1.0,0.5280890810239365
22477,1.0,0.5299098878271802
11514,0.0,0.087020176002892
28290,0.0,0.10215016213525584
11473,0.0,0.0852848564317492
28584,0.0,0.10121913301856146
9209,0.0,0.21483097064549153
28252,1.0,0.6045605808094977
30158,0.0,0.08455148039412747
18492,1.0,0.5790643851477937
18940,0.0,0.10054379035315814
30512,0.0,0.4655308364362587
19654,1.0,0.5484416096157461
16577,0.0,0.1637683804277621
17836,0.0,0.4343161931573426
29074,0.0,0.24951612222993397
25155,1.0,0.5964957175480257
31796,0.0,0.18989518218700802
30965,0.0,0.11336615103670072
7212,0.0,0.3026003526774067
20419,0.0,0.4676977819491428
27143,0.0,0.36914435825048564
33134,0.0,0.1655548451084245
21657,1.0,0.5602855841677673
14255,0.0,0.10054912977077009
11728,0.0,0.09536040283291573
915,0.0,0.09377399336224355
7987,1.0,0.5032486542481845
25241,0.0,0.08772465278001355
18483,0.0,0.3333228474759688
7032,0.0,0.14879536645097266
31668,0.0,0.11531251129194173
22870,0.0,0.09624792449015353
13142,0.0,0.07935031899633917
11481,0.0,0.08966089265273332
1679,0.0,0.0683157157312716
15849,0.0,0.3325368108071677
22392,1.0,0.5838761151098876
29223,0.0,0.07411544010608428
5296,0.0,0.11465273939479856
25329,0.0,0.08484608577063954
15164,1.0,0.5211962125620976
5780,0.0,0.09554318284839146
14767,0.0,0.14582191838570654
7926,1.0,0.5351543140827012
32606,0.0,0.1419348699259426
30295,1.0,0.5335168648457891
2436,0.0,0.11296179672952515
12407,0.0,0.06304907206126972
5509,0.0,0.07780362874393516
33300,0.0,0.12414229310616764
12374,0.0,0.17511752281427648
23562,0.0,0.19636083883684954
27420,1.0,0.5227237096107482
15974,0.0,0.0869407125817991
13204,0.0,0.42201699341977017
12453,1.0,0.5639279405158377
21071,0.0,0.21179835304764366
795,0.0,0.2681300519136034
80,0.0,0.10019697927121897
8509,0.0,0.15465678847443157
27199,0.0,0.11365181554993754
4393,0.0,0.21515005689884528
26993,1.0,0.6014030264983036
9753,1.0,0.5750208667003268
17074,0.0,0.08119510665064418
9291,0.0,0.0775062070709
21210,0.0,0.07542088133509658
6548,0.0,0.07059034281134612
5601,1.0,0.5547680893656499
29159,0.0,0.07928966871828953
20909,0.0,0.0911125249234193
13140,0.0,0.13444508337579766
8903,0.0,0.10433504859646239
20079,0.0,0.22107530913977663
24628,0.0,0.16478414017080067
5482,0.0,0.0841233318272007
16050,0.0,0.3010079600511103
18581,0.0,0.44946543687784335
14438,1.0,0.5107568466702713
8031,0.0,0.07481685099363834
32710,0.0,0.09008231300576053
5857,0.0,0.11700938665360283
28799,0.0,0.08741807861023268
19726,0.0,0.12091821073752243
6191,0.0,0.22590199489606755
32521,0.0,0.26104055398279696
29176,0.0,0.09980828592358805
28278,0.0,0.19182300574231836
2625,0.0,0.10248335517775695
15587,0.0,0.2544010905360907
14741,0.0,0.08422778218028139
19210,0.0,0.26144808841804046
21015,0.0,0.07729471464697356
2010,0.0,0.0701299119963872
8942,0.0,0.42954918294268923
9586,0.0,0.14025215034820618
6444,0.0,0.08556651501526252
1604,0.0,0.09913529721994595
24158,1.0,0.5555915343989839
24017,0.0,0.12131612572141558
24362,0.0,0.1792553291191729
29969,0.0,0.08373663822745088
16831,0.0,0.07995503247178558
28518,0.0,0.10455385139957044
21039,0.0,0.10538894388896482
1776,0.0,0.06643338661966068
1678,0.0,0.09949733009803222
11188,0.0,0.4075916236311675
5346,0.0,0.09013928142928865
25867,0.0,0.4123818907851205
8335,0.0,0.06808940319726868
29417,0.0,0.16854645879823743
28383,0.0,0.33010933799191344
31485,0.0,0.12287421918825465
11330,0.0,0.15981881305949894
13259,0.0,0.07189978763555192
7539,0.0,0.09939989641313263
18271,1.0,0.6278515913142678
19556,0.0,0.10318430288702228
31232,1.0,0.5595794482804235
1175,0.0,0.1375198028737783
8107,0.0,0.11954798220645324
2768,0.0,0.10908294397639828
26448,0.0,0.1447361719054445
22700,0.0,0.4840863520618858
10287,0.0,0.08560616951658379
21246,0.0,0.2244935728554593
9098,0.0,0.2814880591255976
17952,0.0,0.10015724161752303
3889,0.0,0.13816285729102154
268,0.0,0.06835323232351347
27376,0.0,0.21314739570160499
22042,0.0,0.41377211025229843
32395,0.0,0.0909944730972212
16955,0.0,0.10371142703436947
15027,0.0,0.08621345213149251
27771,0.0,0.10513911957393464
25918,0.0,0.09001552684941631
28694,0.0,0.10716871972136217
10523,1.0,0.5442147816210845
12163,0.0,0.41274279647085715
10279,1.0,0.5140491801458054
20918,0.0,0.11164799573609374
22940,0.0,0.10644108551219347
11283,0.0,0.08938179409002572
15682,0.0,0.13299879008943788
29890,0.0,0.1146498338306285
24998,0.0,0.21655596982097208
15853,0.0,0.13332696723329643
14581,0.0,0.11589793332938263
27390,0.0,0.13594222891675412
21976,0.0,0.08885239824409914
28808,0.0,0.20047915117677262
14285,0.0,0.11437060562356807
7784,0.0,0.11540937784092112
15973,1.0,0.6019367635784061
24155,0.0,0.4789163058237312
24815,0.0,0.10440476730724212
21023,0.0,0.2603281159633177
27787,0.0,0.07353821798808938
24378,1.0,0.5958852169211937
7346,0.0,0.13227834155075946
25958,0.0,0.0980585498760532
32635,1.0,0.5179351818505977
1985,0.0,0.49915861634176034
288,0.0,0.0954780577572507
27281,0.0,0.10183435741944324
7953,1.0,0.6548573167030268
366,1.0,0.5817695422025291
27108,0.0,0.08074057191128337
9514,0.0,0.1252684240337697
17386,0.0,0.17935806971450385
4889,0.0,0.12463189655625921
22974,0.0,0.339354824569716
28176,0.0,0.07958511091579634
17224,0.0,0.316513358898722
32636,0.0,0.48758308145189794
21511,0.0,0.10413671324181734
25408,1.0,0.6037576756904539
10308,0.0,0.24775848356307809
6509,1.0,0.5131600692244814
12676,0.0,0.10809376983919776
22320,0.0,0.08350866051310303
19403,1.0,0.5424844667382739
25679,0.0,0.08736299883425971
25097,1.0,0.5428956511739438
30538,0.0,0.11993464045755926
29321,0.0,0.09292701870152968
5083,0.0,0.09329494820634703
17194,0.0,0.07443458277950926
25371,0.0,0.07759465355539386
25629,0.0,0.059439611147264454
2790,1.0,0.5947210427738379
31615,0.0,0.07591605242591029
9134,1.0,0.5089792674056326
23968,0.0,0.08341741251885909
24908,1.0,0.5377949444842601
22712,0.0,0.11551897839169918
11063,0.0,0.39222877042894944
16129,0.0,0.2745303426397939
25292,0.0,0.15849032940434452
11796,1.0,0.609781998926247
31234,0.0,0.45994490312612185
4581,0.0,0.2139287510118428
17703,0.0,0.10310537786024318
30036,0.0,0.21448535056607765
9837,0.0,0.31683414703855395
2715,0.0,0.27410282427727223
22652,0.0,0.35563058852766966
15158,0.0,0.09678482284690272
830,0.0,0.07662437238810046
24660,0.0,0.11895853635673877
2915,0.0,0.21888232953736605
18322,0.0,0.13722148950641655
23189,0.0,0.09601209849988894
25544,0.0,0.0893220239054065
15534,0.0,0.3034808053048842
12312,1.0,0.5728796721930854
7789,1.0,0.5030930627728908
6335,0.0,0.07684812872081508
17675,0.0,0.1498389924047331
7156,0.0,0.42680889672528394
14816,0.0,0.18765454677172463
31402,0.0,0.46925047099448386
12759,0.0,0.15846742414695655
18706,0.0,0.36466770194514714
5266,0.0,0.1061057406705904
27308,1.0,0.5778920876540633
6721,1.0,0.5557960135336739
667,0.0,0.08487673496790986
3027,0.0,0.07947491764256207
8735,0.0,0.3581594766347277
24238,1.0,0.5852261299874967
28911,0.0,0.11900282834982236
18575,1.0,0.5365935193548774
15098,0.0,0.13516429895588777
33308,1.0,0.5696615338712971
185,0.0,0.12431921648260051
25603,1.0,0.507069327400549
27386,0.0,0.20961969661620408
28630,0.0,0.07097648440561045
32243,0.0,0.10864386671077013
3635,0.0,0.24389290018844442
30957,0.0,0.42408551258178895
2326,0.0,0.25516643997873945
17950,0.0,0.42170723877063115
32910,1.0,0.5493818779861968
32353,0.0,0.3573427808976004
13462,1.0,0.5382962687426829
28937,0.0,0.09321967304508069
29276,1.0,0.5163141818764859
16082,0.0,0.11705220964394862
515,0.0,0.09034716310935814
31826,0.0,0.10241778997586758
14515,0.0,0.12739000459299793
26722,1.0,0.6180323451142029
2937,0.0,0.06923729112112553
30103,0.0,0.09873816585741635
25100,0.0,0.09969762590682758
13397,0.0,0.10920770591685723
8413,0.0,0.34778055073409136
11413,0.0,0.2720541849622072
9556,0.0,0.30240914255843254
28061,1.0,0.5177343823328426
32374,0.0,0.1030971771624119
16251,1.0,0.5743478854215784
23674,1.0,0.6500581530274242
16689,0.0,0.09363326020524534
8042,0.0,0.21475537355194718
9055,0.0,0.46690379887867195
12674,0.0,0.13993583936531345
16328,0.0,0.08310402044354108
22099,0.0,0.10345967173071223
6314,0.0,0.11466889638218207
4579,0.0,0.30782833943197974
11640,1.0,0.5929544037952464
5126,0.0,0.09569483277842222
11401,0.0,0.13621424746353097
5841,0.0,0.07373233177667769
1838,1.0,0.5911321880292333
6398,0.0,0.10586217697026185
18267,0.0,0.1471751535100912
22591,1.0,0.5349780840581206
12996,0.0,0.4741212998097209
8514,0.0,0.0829143954713865
3862,0.0,0.07935031899633917
29762,0.0,0.1669310411870123
32795,1.0,0.6634499750837012
9918,0.0,0.08643817599757654
10162,0.0,0.09771755149012447
18847,0.0,0.13142477655836599
26138,0.0,0.3375651411521334
30294,0.0,0.13683858094027188
31629,0.0,0.06757414467071095
32019,0.0,0.2903666752908642
29341,0.0,0.10496137708736498
31465,0.0,0.08726055251705032
19158,0.0,0.08406059995155178
26354,0.0,0.07805020865878363
2936,0.0,0.12080771265055278
24820,0.0,0.1391713954794219
29326,1.0,0.5689639311056586
32022,0.0,0.10910622076257717
10478,0.0,0.46442180242833475
24800,0.0,0.4626149846726693
29243,0.0,0.28937531515497555
22835,1.0,0.5236992189353358
6615,0.0,0.472100424919519
32152,0.0,0.077211279823572
7281,0.0,0.1530877749323264
7314,0.0,0.39189846525403704
5479,1.0,0.5821472568120243
28427,0.0,0.13641360965488258
18166,0.0,0.12815050955811336
18384,1.0,0.556196526679171
23628,0.0,0.4491034549438469
18665,0.0,0.4661680865851162
20691,0.0,0.49399554433115206
10260,1.0,0.6000665722816619
4586,1.0,0.626364143810511
610,0.0,0.17591634690742855
17389,0.0,0.3713086526182746
12558,1.0,0.5039573923642842
16395,0.0,0.10003259921959193
11770,0.0,0.12708518638204241
27991,0.0,0.31359648790675804
27425,0.0,0.3492154397645431
25585,1.0,0.5565482663171756
20758,0.0,0.0915329221565017
4791,0.0,0.20757833741721754
18816,1.0,0.5546110482041724
31466,0.0,0.3393664755775126
12500,0.0,0.11919231322072601
1928,1.0,0.6009734519531211
15385,0.0,0.2199969363962453
14264,0.0,0.08346825617220949
29541,0.0,0.1305758742811806
8426,0.0,0.139182981276668
11148,0.0,0.2331513769421009
22661,0.0,0.15218438748460422
19550,1.0,0.5162452490226391
15384,0.0,0.48592262540331893
1443,0.0,0.11937420204068822
14491,0.0,0.102423145627049
3275,0.0,0.08141887317250392
5265,0.0,0.12209798474414034
15865,0.0,0.35813477502107083
8539,0.0,0.09339730663347239
25995,0.0,0.1859234421741232
12288,0.0,0.1190969785019444
25411,0.0,0.19406848387488693
12189,1.0,0.6371979075180858
27933,0.0,0.08067187457539808
11273,0.0,0.09763255124906016
30859,0.0,0.10967267534235553
15521,0.0,0.1060886648043806
25054,0.0,0.49800952880998717
11506,0.0,0.14075949210585956
5934,0.0,0.12163804978279703
3689,0.0,0.1277021307183044
27337,0.0,0.4011580998037028
15911,0.0,0.15188882924279526
32996,0.0,0.09736450885818636
10663,0.0,0.07665874208881567
18356,0.0,0.4718865303727081
6865,0.0,0.18923668574562516
30679,0.0,0.09870173884853363
7347,0.0,0.2612695323879457
31951,1.0,0.5400642410594113
13009,0.0,0.46404201531541284
6452,0.0,0.10137615371585629
19294,0.0,0.1059883457776538
12946,0.0,0.13512571552484448
8375,0.0,0.4384079361545485
8043,0.0,0.08087114368638713
4063,0.0,0.1906506531138805
14821,0.0,0.0674628724142948
16107,0.0,0.4190922172723848
23465,1.0,0.5758487024765241
18698,0.0,0.22485594003815293
24582,0.0,0.08015031938805056
19239,0.0,0.10373327823859527
9664,0.0,0.10913902692677724
17300,1.0,0.5322022313742185
21257,0.0,0.085669700817764
26856,0.0,0.1118105131978215
29283,0.0,0.07182117266376417
30846,0.0,0.0781168876151369
24670,0.0,0.11757822431810623
11391,0.0,0.13584240019171287
13823,0.0,0.1551688617302747
25931,0.0,0.12121624695007234
14638,0.0,0.16580985994562944
29031,1.0,0.5592832153297652
14883,1.0,0.5577614665479136
17924,0.0,0.36577159108328305
30951,0.0,0.14737856732362453
9051,1.0,0.5965020687315588
6963,0.0,0.12088160075228288
3559,0.0,0.0741559026473335
9700,0.0,0.15945706433770027
11849,0.0,0.2669661162070465
22737,0.0,0.12273800838637927
6969,0.0,0.3136880429730536
31870,0.0,0.30901484299999754
25263,0.0,0.08958534574151086
21049,1.0,0.6015156176616763
17307,1.0,0.5157973931505024
19471,0.0,0.11426520958326891
22338,0.0,0.08168318501879272
18519,1.0,0.645538171004862
8752,0.0,0.3253956561160317
17254,0.0,0.4569831899469572
31441,0.0,0.24651134280453177
13175,0.0,0.14498476750364378
2122,1.0,0.6061578993256154
734,0.0,0.1134783156642522
10655,1.0,0.546477013334112
20900,0.0,0.13337242072068312
25977,1.0,0.5579921713246712
8038,0.0,0.1813797080732606
9275,0.0,0.36136618104662227
26576,0.0,0.17994844026514645
8184,1.0,0.5189981094049346
25181,0.0,0.15081659528231445
27059,0.0,0.08938179409002572
17920,0.0,0.137353094495132
14932,0.0,0.12007024206450329
2491,0.0,0.07680973215354546
22450,1.0,0.5254474133988897
12831,0.0,0.07807889740745605
24057,1.0,0.5236790164857807
27854,0.0,0.09433584906898215
9083,0.0,0.13103869956242148
26670,0.0,0.49502197218459465
5709,0.0,0.07417320949062822
31995,0.0,0.49862960494216174
11845,0.0,0.3397351575514777
14052,0.0,0.10739909311034554
22407,0.0,0.46711818845072683
33353,0.0,0.08780720851850969
32278,1.0,0.5750157992429834
14069,1.0,0.5693101875186348
828,0.0,0.06653789567639273
16574,0.0,0.0618197903521333
6742,0.0,0.4774925515074926
6583,0.0,0.0739616327438473
15159,0.0,0.11178364909577612
16614,0.0,0.14550782946025825
27456,0.0,0.14371159561983535
16462,1.0,0.561244192201871
32105,0.0,0.38524112563016544
22464,1.0,0.5455708493264825
20165,0.0,0.22143639970573836
2610,0.0,0.26309208701163905
18668,0.0,0.0913330571851314
20361,1.0,0.5435932515588272
1055,0.0,0.10277379082389469
19794,0.0,0.26300232793080025
4810,0.0,0.459407441484753
16560,1.0,0.6177432314684054
5236,1.0,0.5506619199809986
28886,1.0,0.5367511534372128
18338,0.0,0.11943639729600727
25697,0.0,0.08315133444719155
15150,0.0,0.0749743392409328
5005,0.0,0.12872510074015514
8358,0.0,0.0812989189970536
27297,1.0,0.628224832141367
19413,0.0,0.47095332251111244
5111,0.0,0.12416790874486486
13477,1.0,0.5783828109372885
2120,0.0,0.15076452233553506
28293,0.0,0.1213263936725071
31481,1.0,0.6134159867585026
25635,0.0,0.06347013936154856
14041,0.0,0.08698956595881889
10311,0.0,0.1936896502853493
13925,0.0,0.08661648762172143
2183,1.0,0.5227237096107482
23188,0.0,0.06583737621436328
8982,0.0,0.16383069850853307
20064,0.0,0.1874714190159455
21604,1.0,0.6248854422211638
3991,0.0,0.29877425585583833
3307,0.0,0.09504281387474268
4343,0.0,0.09892876529861117
24642,0.0,0.1105235584695543
12008,0.0,0.10860011241623305
22200,0.0,0.12751389731765492
2789,0.0,0.11356434210778779
22697,1.0,0.5024208172321747
20321,0.0,0.09755107327064307
13470,0.0,0.08415976243251994
31236,0.0,0.48415923117802423
32607,0.0,0.49039695300514735
8216,0.0,0.42355497045582835
5320,0.0,0.09786993078903221
30466,0.0,0.14945586187729934
24026,1.0,0.5642010824980208
30013,0.0,0.0788202919908438
22342,0.0,0.21938741900492365
370,0.0,0.24898495863655903
30365,1.0,0.6068697334273125
30316,1.0,0.5311741438681087
28350,0.0,0.14554708214188772
11927,0.0,0.3769813615404579
31708,1.0,0.5422287219411092
25882,0.0,0.4159455237775616
16079,1.0,0.5889398003147918
21788,0.0,0.15818809005514944
2530,0.0,0.3152654747760341
20640,0.0,0.25463403704526844
7148,0.0,0.13401950172768257
20308,1.0,0.5944227198011417
2196,0.0,0.09834808784050786
17225,0.0,0.1855236222086879
28163,0.0,0.13434063112881003
16164,0.0,0.13009260349992113
11460,0.0,0.4818830151465769
2900,0.0,0.11094467707698305
1026,0.0,0.14101058085627174
8049,0.0,0.0965493498247087
12413,0.0,0.12735287249060537
17269,0.0,0.2628415757167609
3885,0.0,0.0870972053533125
5194,0.0,0.07401935550427263
11644,0.0,0.1283559687453528
28377,0.0,0.07527004408680027
25914,1.0,0.6147650542284689
24947,0.0,0.1598006334755277
32540,0.0,0.43882547279833894
1346,0.0,0.1702484696278821
13220,0.0,0.10581187754695275
19336,0.0,0.06635409353023716
7416,0.0,0.19573852672620187
26996,0.0,0.09386868251915435
26859,0.0,0.15775448895791103
13498,0.0,0.07212174119382729
17659,0.0,0.08778512256856916
25173,0.0,0.11294845321675163
12002,0.0,0.10005444929964998
22468,1.0,0.5506568479035858
25106,0.0,0.08968567752123156
11730,0.0,0.20055926299400378
21871,0.0,0.09577055727696633
19543,0.0,0.17133396661788708
4842,0.0,0.17592223821722164
12874,0.0,0.23096848410677037
19725,0.0,0.49086417594935683
27614,0.0,0.09860935458509515
322,0.0,0.06342323674835998
29603,0.0,0.11274780414607737
28292,0.0,0.18078886083082213
423,0.0,0.11046351971077688
22858,0.0,0.15941017389993525
16449,0.0,0.07863606205315599
26195,0.0,0.10727392735876912
29710,0.0,0.2213130945127298
11901,0.0,0.3143211487751502
8170,0.0,0.24610371150801746
31818,1.0,0.5514060074460945
10618,1.0,0.5166320649823796
10217,0.0,0.10287722595594989
13819,0.0,0.35892979192653274
13722,0.0,0.21731951820103457
18100,0.0,0.29709999053388514
5029,0.0,0.08525314683201204
31473,0.0,0.12866884070448262
26801,0.0,0.456685927626233
18912,0.0,0.11033133140206482
27030,0.0,0.3020858697255157
3647,0.0,0.16505731516154754
4222,0.0,0.4910208572689841
25614,1.0,0.5895788296319866
19648,1.0,0.5349235042850286
22430,0.0,0.4697835435154774
15851,0.0,0.13168368739926595
301,0.0,0.08057566725244719
18825,0.0,0.08296310832591187
31758,1.0,0.5857651899627109
5898,1.0,0.5327478965997685
17932,0.0,0.06647774447569126
30260,0.0,0.132315899783866
17669,0.0,0.11453448001823734
14806,0.0,0.09858492015287725
22480,0.0,0.17986895815078097
29259,0.0,0.08182878435028144
22746,0.0,0.07402902713592814
9852,1.0,0.5068429018970382
30,0.0,0.13851880543176118
17854,0.0,0.10380966627906471
9205,0.0,0.3687236861102116
17779,1.0,0.6163638973617516
20154,0.0,0.12141843526189885
16828,0.0,0.4246338911828895
7387,0.0,0.07943130555470958
31802,0.0,0.3448872340043274
17188,1.0,0.5824623041728119
7300,0.0,0.08001669158888523
12136,0.0,0.08706336974561622
21899,0.0,0.22541722312114115
10834,0.0,0.3954253609845131
20841,0.0,0.4863306096432357
5962,1.0,0.5309208369616474
7813,0.0,0.13234576772980697
10847,0.0,0.40618213047177193
30109,1.0,0.5501209608021036
3312,0.0,0.09135447606319046
12884,0.0,0.0713890294830888
20514,0.0,0.07686921595075419
8411,0.0,0.08520133195445548
16798,0.0,0.08129496507173166
27389,0.0,0.08954366866720802
32783,0.0,0.13025881908175838
10230,0.0,0.08301246755329586
5980,1.0,0.5125456489986712
3672,1.0,0.618389053843569
29832,1.0,0.5303230666555038
18719,1.0,0.5244355839534465
23024,0.0,0.12305108268181116
29629,1.0,0.6308614045280432
8112,1.0,0.6006905263765059
13953,0.0,0.1659985796398764
17450,1.0,0.5262430510955161
9752,1.0,0.5579731712814491
10167,0.0,0.20886255597268913
181,1.0,0.7161908583763272
1476,0.0,0.11596212468478245
16816,0.0,0.07919334271994381
16023,0.0,0.3468189706897092
12059,0.0,0.0974094207579442
28220,0.0,0.06923145468067289
18822,0.0,0.09681084098790974
17720,0.0,0.17233557947478728
13419,0.0,0.1640611128086663
23734,0.0,0.1584305615976998
6610,0.0,0.09346699052812918
18569,0.0,0.08967540207638107
25136,1.0,0.5336477609333163
21469,0.0,0.15255206733351315
19752,0.0,0.16266166253430975
32453,0.0,0.10880616524176208
24625,0.0,0.09589717568276276
32745,0.0,0.06894798338496985
15144,0.0,0.12804160564519665
26541,0.0,0.13050449473069323
14132,0.0,0.11775663199773433
2580,0.0,0.10695820668631986
32229,0.0,0.17392088866402847
11638,0.0,0.16913875444750304
7132,1.0,0.5075222860266835
22168,0.0,0.09884883041597801
29886,0.0,0.3834519341729337
5130,0.0,0.09061212593442029
923,0.0,0.07178500923341506
28035,0.0,0.32070148141542076
17153,0.0,0.1202429379514041
30428,0.0,0.48630934566782874
14687,0.0,0.06646823234103814
26621,1.0,0.5237401525923595
19744,0.0,0.0930125111080703
32698,0.0,0.07055388458352914
15049,1.0,0.5584945869663133
32808,1.0,0.557213143282607
7535,0.0,0.0829361503251758
20622,1.0,0.5617764632051072
22863,0.0,0.11047582400829672
21845,0.0,0.14790830143714925
16135,0.0,0.07951185268159895
15095,0.0,0.13739315854912054
29703,0.0,0.1392714302968678
14785,0.0,0.49226173699487075
20150,0.0,0.09138678846510524
19473,0.0,0.16459541338041414
26862,0.0,0.08424403240134812
3377,0.0,0.10781044053896814
21166,1.0,0.5701090394589743
24684,0.0,0.1363652987240044
32511,0.0,0.17826076788215958
10587,0.0,0.3743148560875566
23210,0.0,0.12206700760080379
8243,0.0,0.16269997965567953
2046,0.0,0.15357228464121703
875,0.0,0.0848832121273683
437,0.0,0.10196627619203946
9208,1.0,0.5733638691388782
18560,0.0,0.10250500179053289
31361,0.0,0.3167216486801797
3432,1.0,0.6248498464332678
17066,0.0,0.06791465934752405
17993,0.0,0.20543870355926191
4879,0.0,0.0782344872978627
32898,1.0,0.5795785456834477
28680,0.0,0.12565567212280082
10304,0.0,0.21347757930420241
26899,0.0,0.07617397140881002
23403,0.0,0.3136416558130468
21936,0.0,0.19230962044652375
26927,0.0,0.47615507409627683
25713,0.0,0.08789451712766434
23976,0.0,0.44073053445742844
29908,0.0,0.11151767613717349
17426,1.0,0.5612542772938357
9806,0.0,0.10492034133689236
25886,0.0,0.10339824009566849
2736,0.0,0.105952290828027
26688,0.0,0.07848209529435639
19261,0.0,0.15281405024928393
16728,0.0,0.1553170771908733
8837,0.0,0.10610465536928074
9345,0.0,0.0703381905441425
25696,0.0,0.08951373022034195
33236,0.0,0.12753390503157833
7258,0.0,0.28073551034077737
4274,0.0,0.06345328601822628
18287,0.0,0.11363217824063916
25062,0.0,0.07925988933596087
11144,0.0,0.07287059499740822
11404,0.0,0.17547624914098348
13232,0.0,0.09035462991357822
21968,1.0,0.6585695401399785
12142,1.0,0.6193391634855824
30796,0.0,0.11864752267068884
23735,1.0,0.5578919886774686
26679,0.0,0.09701235126443368
21726,0.0,0.08548872207191223
5171,1.0,0.5988202592959108
3180,0.0,0.1313285726823713
26950,0.0,0.48335760984281484
24234,1.0,0.5108739256801568
32649,1.0,0.5537063418097194
4377,1.0,0.6192095475506963
545,0.0,0.1495826373449295
13114,0.0,0.14991709320359134
22786,1.0,0.5378916106707016
21335,1.0,0.5009415698846426
13292,1.0,0.5199609629649173
25862,0.0,0.07501934287497126
37,1.0,0.5430500827084129
25890,0.0,0.12402317803501423
22037,0.0,0.07906371523636208
29304,0.0,0.1185321329221399
19816,0.0,0.08750620206223719
7012,1.0,0.5829641812497323
23338,1.0,0.539720642560756
30621,0.0,0.46107087589400875
11855,0.0,0.13428527183656572
14062,0.0,0.08523612821316444
952,0.0,0.10174897015134315
28695,0.0,0.48395934789369555
25255,0.0,0.09370453057556158
14684,0.0,0.07973481315033036
2599,0.0,0.11151073435580379
27764,0.0,0.47549099562418723
22708,1.0,0.5376017083068307
13605,0.0,0.1603665568282531
3445,0.0,0.08814515919713489
12029,0.0,0.15949417151603243
28494,1.0,0.5043235806031697
26151,0.0,0.06691802318316566
30903,0.0,0.07442764432395807
23078,0.0,0.1801420506402971
3520,0.0,0.13429026868661204
23948,0.0,0.12913391139873978
20536,1.0,0.5270727731000345
12472,0.0,0.4244113028278879
12756,0.0,0.08866682846615676
634,0.0,0.1447700387245109
11458,1.0,0.5403062541810418
20348,0.0,0.1346472658351334
21057,0.0,0.09648603798705778
26446,0.0,0.452463680031982
24170,0.0,0.06738384032975922
16216,0.0,0.08525852617236053
28349,0.0,0.10371074137128111
17295,0.0,0.11874911952147926
33316,0.0,0.23092141914197767
5280,1.0,0.5030419009693852
11201,0.0,0.4541108894443767
26483,0.0,0.2152039091568981
10977,0.0,0.0723830608526101
33290,1.0,0.5603937997433358
27216,1.0,0.5238958922717685
7877,0.0,0.06249786974320108
5650,0.0,0.1456868037096136
6590,0.0,0.11711131679075022
13464,1.0,0.568551040208557
25639,0.0,0.08287031842099778
12406,0.0,0.24478863165199793
32113,0.0,0.09056827390215816
3787,0.0,0.08699563053989413
23606,0.0,0.3796486793067635
7522,0.0,0.41375923962333855
15293,1.0,0.5574321241682493
7564,1.0,0.5030016269508691
19218,0.0,0.09903155360844028
19678,0.0,0.08049242115867082
19499,0.0,0.14760399376868502
13962,0.0,0.06835825676838662
22744,0.0,0.12000402931783148
21887,1.0,0.5349892499501369
28552,0.0,0.1379888317509904
10726,0.0,0.12530080608765484
6294,0.0,0.10878295580044077
13833,1.0,0.5782681805494732
31643,0.0,0.07087636684181454
21500,0.0,0.24462595215310387
33225,0.0,0.17330417189251243
8905,0.0,0.3000109190395895
9772,0.0,0.09603052108288969
27163,0.0,0.0891027933968462
24507,0.0,0.3553506828854397
21339,0.0,0.48869523690224376
1289,0.0,0.23471541100049148
195,0.0,0.2674542731481561
31762,0.0,0.05259436746916334
7873,0.0,0.16699511199232248
12215,0.0,0.10039964131969618
